id,Chinese,PinYin,English,Source,LessonName,LessonId,WordType,Category
1,你好,ni3 hao3 ,hello,HSK 1,Week01_Lesson01,1,,
2,叫,jiao4,to call,HSK 1,Week01_Lesson01,1,verb,
3,什么,shen2 me5,what,HSK 1,Week01_Lesson01,1,particle,
4,名字,ming2 zi5,name,HSK 1,Week01_Lesson01,1,noun,
5,我,wo3,I / me,HSK 1,Week01_Lesson01,1,,
6,很,hen3,very ,HSK 1,Week01_Lesson01,1,,
7,高兴,gao1 xing4,happy,HSK 1,Week01_Lesson01,1,adjective,
8,认识,ren4 shi5,to know (someone),HSK 1,Week01_Lesson01,1,verb,
9,是,shi4,to be,HSK 1,Week01_Lesson02,2,verb,
10,哪,na3,which,HSK 1,Week01_Lesson02,2,,
11,国,guo2,country / nation,HSK 1,Week01_Lesson02,2,noun,
12,人,ren2,person / people,HSK 1,Week01_Lesson02,2,noun,
13,中国,zhong1 guo2,China,HSK 1,Week01_Lesson02,2,noun,
14,美国,mei3 guo2,USA,HSK 1,Week01_Lesson02,2,noun,
15,她,ta1,she,HSK 1,Week01_Lesson02,2,pronoun,
16,也,ye3,also / as well / too,HSK 1,Week01_Lesson02,2,,
17,英国,ying1 guo2,United Kingdom,HSK 1,Week01_Lesson02,2,noun,
18,德国,de2 guo2,Germany,HSK 1,Week01_Lesson02,2,noun,
19,韩国,han2 guo2,South Korea,HSK 1,Week01_Lesson02,2,noun,
20,泰国,tai4 guo2,Thailand,HSK 1,Week01_Lesson02,2,noun,
21,日本,ri4 ben3,Japan,HSK 1,Week01_Lesson02,2,noun,
22,加拿大,jia1 na2 da4,Canada,HSK 1,Week01_Lesson02,2,noun,
23,俄罗斯,e2 luo2 si1,Russia,HSK 1,Week01_Lesson02,2,noun,
24,澳大利亚,ao4 da4 li4 ya4,Australia,HSK 1,Week01_Lesson02,2,noun,
25,一,yi1,one,HSK 1,Week01_Lesson03,3,number,
26,二,er4,two,HSK 1,Week01_Lesson03,3,number,
27,三,san1,three,HSK 1,Week01_Lesson03,3,number,
28,四,si4,four,HSK 1,Week01_Lesson03,3,number,
29,五,wu3,five,HSK 1,Week01_Lesson03,3,number,
30,六,liu4,six,HSK 1,Week01_Lesson03,3,number,
31,七,qi1,seven,HSK 1,Week01_Lesson03,3,number,
32,八,ba1,eight,HSK 1,Week01_Lesson03,3,number,
33,九,jiu3,nine,HSK 1,Week01_Lesson03,3,number,
34,十,shi2,ten,HSK 1,Week01_Lesson03,3,number,
35,多大,duo1 da4,how old,HSK 1,Week01_Lesson03,3,other,
36,了,le5,particle to indicate change of state,HSK 1,Week01_Lesson03,3,particle,
37,岁,sui4,year (for age),HSK 1,Week01_Lesson03,3,number,
38,...呢?,ne5,particle used to ask reciprocal questions,HSK 1,Week01_Lesson03,3,particle,
39,他,ta1,he,HSK 1,Week01_Lesson03,3,pronoun,
40,你的,ni3 de5,your / yours,HSK 1,Week01_Lesson04,4,pronoun,
41,我的,wo3 de5,my / mine,HSK 1,Week01_Lesson04,4,pronoun,
42,电话,dian4 hua4,telephone,HSK 1,Week01_Lesson04,4,noun,
43,号码,hao4 ma3,phone number,HSK 1,Week01_Lesson04,4,noun,
44,多少,duo1 shao5,how much / how many,HSK 1,Week01_Lesson04,4,other,
45,明天,ming2 tian1,tomorrow,HSK 1,Week01_Lesson04,4,noun,
46,给,gei3,to / for / to give,HSK 1,Week01_Lesson04,4,preposition,
47,打电话,da3 dian4 hua4,to call / to phone / to ring,HSK 1,Week01_Lesson04,4,verb,
48,老师,lao3 shi1,teacher,HSK 1,Week01_Lesson05,5,noun,
49,同学,tong2 xue2,classmate,HSK 1,Week01_Lesson05,5,noun,
50,们,men5,plural indicator for pronouns,HSK 1,Week01_Lesson05,5,,
51,怎么样,zen3 me5 yang4,how? (is something / someone),HSK 1,Week01_Lesson05,5,,
52,谢谢,xie4 xie5,thanks,HSK 1,Week01_Lesson05,5,,
53,不客气,bu2 ke4 qi5,you are welcome,HSK 1,Week01_Lesson05,5,,
54,对不起,dui4 bu5 qi3,Sorry,HSK 1,Week01_Lesson05,5,,
55,没关系,mei2 guan1 xi5,It doesn't matter / That’s all right,HSK 1,Week01_Lesson05,5,,
56,再见,zai4 jian4,bye,HSK 1,Week01_Lesson05,5,,
57,谁,shei2,who / whom,HSK 1,Week02_Lesson01,6,,
58,妈妈,ma1 ma5,mother,HSK 1,Week02_Lesson01,6,noun,
59,今年,jin1 nian2,this year,HSK 1,Week02_Lesson01,6,,
60,这个,zhe4 ge5,this one,HSK 1,Week02_Lesson01,6,,
61,爸爸,ba4 ba5,father,HSK 1,Week02_Lesson01,6,,
62,哥哥,ge1 ge5,older brother,HSK 1,Week02_Lesson01,6,,
63,妹妹,mei4 mei5,younger sister,HSK 1,Week02_Lesson01,6,,
64,漂亮,piao4 liang5,pretty / beautiful,HSK 1,Week02_Lesson01,6,,
65,有,you3,have,HSK 1,Week02_Lesson02,7,,
66,狗,gou3,dog,HSK 1,Week02_Lesson02,7,,
67,吗,ma5,question particle,HSK 1,Week02_Lesson02,7,,
68,只,zhi1,measure word (dogs / cats),HSK 1,Week02_Lesson02,7,,
69,没有,mei2 you3,do not have ,HSK 1,Week02_Lesson02,7,,
70,猫,mao1,cat,HSK 1,Week02_Lesson02,7,,
71,汪汪,wang1 wang5,Wangwang (dog name),HSK 1,Week02_Lesson02,7,,
72,小,xiao3,small,HSK 1,Week02_Lesson02,7,,
73,喵喵,miao1 miao5,Miaomiao (cat name),HSK 1,Week02_Lesson02,7,,
74,在,zai4,to be at / in / on (location),HSK 1,Week02_Lesson03,8,,
75,北京,bei3 jing1,Beijing,HSK 1,Week02_Lesson03,8,,
76,学习,xue2 xi2,to study,HSK 1,Week02_Lesson03,8,,
77,汉语,han4 yu3,Chinese,HSK 1,Week02_Lesson03,8,,
78,呢,ne5,modal particle / action in prog.,HSK 1,Week02_Lesson03,8,,
79,学校,xue2 xiao4,school,HSK 1,Week02_Lesson03,8,,
80,个,ge4,most common measure word,HSK 1,Week02_Lesson03,8,,
81,儿子,er2 zi5,son,HSK 1,Week02_Lesson03,8,,
82,和,he2,and,HSK 1,Week02_Lesson03,8,,
83,女儿,nv3 er2,daughter,HSK 1,Week02_Lesson03,8,,
84,弟弟,di4 di5,younger brother ,HSK 1,Week02_Lesson04,9,,
85,会,hui4,can / to be able to / will,HSK 1,Week02_Lesson04,9,,
86,说,shuo1,to speak / to say,HSK 1,Week02_Lesson04,9,,
87,一点儿,yi4 diar3,a little,HSK 1,Week02_Lesson04,9,,
88,酷,ku4,cool / awesome,HSK 1,Week02_Lesson04,9,,
89,对,dui4,right / correct,HSK 1,Week02_Lesson04,9,,
90,写,xie3,to write,HSK 1,Week02_Lesson04,9,,
91,汉字 ,han4 zi4,Chinese character,HSK 1,Week02_Lesson04,9,,
92,太...了,tai4...le5,too / very,HSK 1,Week02_Lesson04,9,,
93,怎么,zen3 me5,how,HSK 1,Week02_Lesson04,9,,
94,读,du2,to read,HSK 1,Week02_Lesson04,9,,
95,大学,da4 xue2,university,HSK 1,Week02_Lesson04,9,,
96,朋友,peng2 you5,friend,HSK 1,Week02_Lesson05,10,,
97,看,kan4,to watch,HSK 1,Week02_Lesson05,10,,
98,电影,dian4 ying3,movie,HSK 1,Week02_Lesson05,10,,
99,你们,ni3 men5,you (plural),HSK 1,Week02_Lesson05,10,,
100,今天,jin1 tian1,today,HSK 1,Week02_Lesson05,10,,
101,想,xiang3,to want,HSK 1,Week02_Lesson05,10,,
102,功夫,gong1 fu5,kungfu,HSK 1,Week02_Lesson05,10,,
103,熊猫 ,xiong2 mao1,panda,HSK 1,Week02_Lesson05,10,,
104,现在,xian4 zai4,now,HSK 1,Week03_Lesson01,11,,
105,几,ji3,how many,HSK 1,Week03_Lesson01,11,,
106,点,dian3,o’clock,HSK 1,Week03_Lesson01,11,,
107,分,fen1,minute,HSK 1,Week03_Lesson01,11,,
108,吃饭,chi1 fan4,to have meal,HSK 1,Week03_Lesson01,11,,
109,吧,ba5,model particle / suggestion,HSK 1,Week03_Lesson01,11,,
110,好的,hao3 de5,Okay,HSK 1,Week03_Lesson01,11,,
111,中午,zhong1 wu3,noon / midday / noonday,HSK 1,Week03_Lesson01,11,,
112,晚上,wan3 shang4,evening,HSK 1,Week03_Lesson01,11,,
113,电视,dian4 shi4,TV,HSK 1,Week03_Lesson01,11,,
114,睡觉,shui4 jiao4,to sleep,HSK 1,Week03_Lesson01,11,,
115,什么时候,shen2 me5 shi2 hou5,when / what time,HSK 1,Week03_Lesson01,11,,
116,星期,xing1 qi1,week,HSK 1,Week03_Lesson02,12,,
117,去,qu4,to go,HSK 1,Week03_Lesson02,12,,
118,号,hao4,date,HSK 1,Week03_Lesson02,12,,
119,生日,sheng1 ri4,birthday,HSK 1,Week03_Lesson02,12,,
120,月,yue4,month / moon,HSK 1,Week03_Lesson02,12,,
121,快乐,kuai4 le4,happy,HSK 1,Week03_Lesson02,12,,
122,天气,tian1 qi4,weather,HSK 1,Week03_Lesson03,13,,
123,雨,yu3,rain,HSK 1,Week03_Lesson03,13,,
124,下雨,xia4 yu3,to rain,HSK 1,Week03_Lesson03,13,,
125,电脑,dian4 nao3,computer,HSK 1,Week03_Lesson03,13,,
126,外面,wai4 mian4,outside,HSK 1,Week03_Lesson03,13,,
127,热,re4,hot,HSK 1,Week03_Lesson03,13,,
128,冷,leng3,cold,HSK 1,Week03_Lesson03,13,,
129,有点儿,you3 dianr3,a bit,HSK 1,Week03_Lesson03,13,,
130,广州,Guang3 zhou1,Guangzhou,HSK 1,Week03_Lesson03,13,,
131,哈尔滨,Ha1 er3 bin1,Harbin,HSK 1,Week03_Lesson03,13,,
132,来,lai2,to come,HSK 1,Week03_Lesson04,14,,
133,多,duo1,many / a lot,HSK 1,Week03_Lesson04,14,,
134,车,che1,vehicle / car,HSK 1,Week03_Lesson04,14,,
135,这里,zhe4 li3,here,HSK 1,Week03_Lesson04,14,,
136,工作,gong1 zuo4,to work / job,HSK 1,Week03_Lesson04,14,,
137,...的时候,… de5 shi2 hou5,when,HSK 1,Week03_Lesson04,14,,
138,年,nian2,year,HSK 1,Week03_Lesson04,14,,
139,上海,Shang4 hai3,Shanghai,HSK 1,Week03_Lesson04,14,,
140,上个月,shang4 ge5 yue4,last month,HSK 1,Week03_Lesson05,15,,
141,前,qian2,before / ago,HSK 1,Week03_Lesson05,15,,
142,哪儿,nar3,where ,HSK 1,Week03_Lesson05,15,,
143,喜欢,xi3 huan5,to like,HSK 1,Week03_Lesson05,15,,
144,好吃,hao3 chi1,yummy,HSK 1,Week03_Lesson05,15,,
145,都,dou1,all / both,HSK 1,Week03_Lesson05,15,,
146,兵马俑,bing1 ma3 yong3,Terra Cotta Warriors,HSK 1,Week03_Lesson05,15,,
147,西安,Xi1 an1,Xi’an,HSK 1,Week03_Lesson05,15,,
148,香港,Xiang1 gang3,Hong Kong,HSK 1,Week03_Lesson05,15,,
149,中学,zhong1 xue2,middle school,HSK 1,Week04_Lesson01,16,,
150,银行 ,yin2 hang2,bank,HSK 1,Week04_Lesson01,16,,
151,明年,ming2 nian2,next year,HSK 1,Week04_Lesson01,16,,
152,外国人,wai4 guo2 ren2,foreigner,HSK 1,Week04_Lesson01,16,,
153,做,zuo4,to do,HSK 1,Week04_Lesson01,16,,
154,学生,xue2 sheng5,student,HSK 1,Week04_Lesson01,16,,
155,少,shao3,less / little / few,HSK 1,Week04_Lesson01,16,,
156,哦,o4,oh / ah / I see,HSK 1,Week04_Lesson01,16,,
157,医院,yi1 yuan4,hospital,HSK 1,Week04_Lesson02,17,,
158,医生,yi1 sheng1,doctor,HSK 1,Week04_Lesson02,17,,
159,住院,zhu4 yuan4,to be hospitalized,HSK 1,Week04_Lesson02,17,,
160,昨天,zuo2 tian1,yesterday,HSK 1,Week04_Lesson02,17,,
161,看见,kan4 jian4,to catch sight of / see,HSK 1,Week04_Lesson02,17,,
162,姐姐,jie3 jie5,elder sister,HSK 1,Week04_Lesson02,17,,
163,电影院,dian4 ying3 yuan4,cinema,HSK 1,Week04_Lesson02,17,,
164,嗯,ng4,Huh / Hmm / Well,HSK 1,Week04_Lesson02,17,,
165,咖啡厅,ka1 fei1 ting1,Cafe,HSK 1,Week04_Lesson03,18,,
166,那里 / 那 儿,na4 li3 / nar4,there,HSK 1,Week04_Lesson03,18,,
167,看书 / 读书,kan4 shu1 / du2 shu1,to read a book,HSK 1,Week04_Lesson03,18,,
168,本,ben3,measure word for books,HSK 1,Week04_Lesson03,18,,
169,中文,zhong1 wen2,Chinese language,HSK 1,Week04_Lesson03,18,,
170,好看,hao3 kan4,good-looking / interesting to read,HSK 1,Week04_Lesson03,18,,
171,爱,ai4,to love,HSK 1,Week04_Lesson04,19,,
172,呀,ya5,ah / oh,HSK 1,Week04_Lesson04,19,,
173,有时候,you3 shi2 hou5,sometimes,HSK 1,Week04_Lesson04,19,,
174,家,jia1,home / family / household,HSK 1,Week04_Lesson04,19,,
175,里,li3,inside,HSK 1,Week04_Lesson04,19,,
176,最,zui4,the most,HSK 1,Week04_Lesson04,19,,
177,打球 ,da3 qiu2,play ball games,HSK 1,Week04_Lesson04,19,,
178,请坐,qing3 zuo4,please sit down,HSK 1,Week04_Lesson05,20,,
179,手机,shou3 ji1,mobile phone,HSK 1,Week04_Lesson05,20,,
180,听,ting1,"listen, hear",HSK 1,Week04_Lesson05,20,,
181,音乐 ,yin1 yue4,music,HSK 1,Week04_Lesson05,20,,
182,书店,shu1 dian4,book shop,HSK 1,Week04_Lesson05,20,,
183,小学,xiao3 xue2,primary school,HSK 1,Week04_Lesson05,20,,
184,商店,shang1 dian4,shop,HSK 1,Week05_Lesson01,21,,
185,买,mai3,to buy,HSK 1,Week05_Lesson01,21,,
186,东西,dong1 xi5,stuff / things,HSK 1,Week05_Lesson01,21,,
187,一些,yi4 xie1,some / several / a few,HSK 1,Week05_Lesson01,21,,
188,水果,shui3 guo3,fruit,HSK 1,Week05_Lesson01,21,,
189,见,jian4,to see / to meet,HSK 1,Week05_Lesson01,21,,
190,苹果,ping2 guo3,apple,HSK 1,Week05_Lesson02,22,,
191,钱,qian2,money,HSK 1,Week05_Lesson02,22,,
192,元/块,yuan2 / kuai4,measure word for money,HSK 1,Week05_Lesson02,22,,
193,先生,xian1 sheng5,Mr. / Sir / Gentleman,HSK 1,Week05_Lesson02,22,,
194,前面,qian2 mian4,front,HSK 1,Week05_Lesson02,22,,
195,那,na4,that,HSK 1,Week05_Lesson02,22,,
196,件,jian4,measure word for clothes,HSK 1,Week05_Lesson02,22,,
197,衣服,yi1 fu5,clothes,HSK 1,Week05_Lesson02,22,,
198,米饭,mi3 fan4,cooked rice,HSK 1,Week05_Lesson02,22,,
199,网上,wang3 shang5,online,HSK 1,Week05_Lesson03,23,,
200,茶,cha2,tea,HSK 1,Week05_Lesson03,23,,
201,杯子,bei1 zi5,cup,HSK 1,Week05_Lesson03,23,,
202,学,xue2,to study / to learn,HSK 1,Week05_Lesson03,23,,
203,菜,cai4,"vegetable, dish",HSK 1,Week05_Lesson03,23,,
204,可以,ke2 yi3,"OK, could, might",HSK 1,Week05_Lesson03,23,,
205,好吧,hao3 ba5,"all right, Okay, OK",HSK 1,Week05_Lesson03,23,,
206,上网,shang4 wang3,to surf online,HSK 1,Week05_Lesson03,23,,
207,喂,wei4,hello,HSK 1,Week05_Lesson04,24,,
208,这几天,zhe4 ji3 tian1,these days,HSK 1,Week05_Lesson04,24,,
209,做饭,zuo4 fan4,to cook,HSK 1,Week05_Lesson04,24,,
210,学会,xue2 hui4,to have learnt,HSK 1,Week05_Lesson04,24,,
211,请,qing3,to invite,HSK 1,Week05_Lesson04,24,,
212,啊,a5,sentence - final interjection,HSK 1,Week05_Lesson04,24,,
213,能,neng2,can / be able to,HSK 1,Week05_Lesson04,24,,
214,住,zhu4,to live,HSK 1,Week05_Lesson04,24,,
215,小姐,xiao3 jie3,Miss,HSK 1,Week05_Lesson05,25,,
216,喝,he1,to drink,HSK 1,Week05_Lesson05,25,,
217,要,yao4,to want / to need,HSK 1,Week05_Lesson05,25,,
218,杯,bei1,measure word for cups,HSK 1,Week05_Lesson05,25,,
219,里面,li3 mian4,inside,HSK 1,Week05_Lesson05,25,,
220,水,shui3,water,HSK 1,Week05_Lesson05,25,,
221,好喝,hao3 he1,taste good for drink,HSK 1,Week05_Lesson05,25,,
222,每天,mei3 tian1,everyday,HSK 1,Week05_Lesson05,25,,
223,出租车,chu1 zu1 che1,taxi,HSK 1,Week06_Lesson01,26,,
224,和… 一起,he2 … yi4 qi3,together with ,HSK 1,Week06_Lesson01,26,,
225,回来,hui2 lai4,come back ,HSK 1,Week06_Lesson01,26,,
226,后天,hou4 tian1,the day after tomorrow,HSK 1,Week06_Lesson01,26,,
227,男朋友,nan2 peng2 you5,boyfriend,HSK 1,Week06_Lesson01,26,,
228,开车,kai1 che1,to drive,HSK 1,Week06_Lesson02,27,,
229,分钟,fen1 zhong1,minute,HSK 1,Week06_Lesson02,27,,
230,听见,ting1 jian4,to hear,HSK 1,Week06_Lesson02,27,,
231,回家 ,hui2 jia1,to go back home,HSK 1,Week06_Lesson02,27,,
232,打车,da3 che1,to take a taxi,HSK 1,Week06_Lesson02,27,,
233,回去,hui2 qu4,to go back / return,HSK 1,Week06_Lesson02,27,,
234,走路,zou3 lu4,to walk,HSK 1,Week06_Lesson02,27,,
235,这儿,zher4,here,HSK 1,Week06_Lesson03,28,,
236,飞机,fei1 ji1,air plane,HSK 1,Week06_Lesson03,28,,
237,很少,hen3 shao3,"very few, little",HSK 1,Week06_Lesson03,28,,
238,烤鸭,kao3 ya1,roast duck,HSK 1,Week06_Lesson03,28,,
239,没,mei2,no / not / never,HSK 1,Week06_Lesson03,28,,
240,饭店,fan4 dian4,restaurant,HSK 1,Week06_Lesson03,28,,
241,桌子,zhuo1 zi5,"table, desk",HSK 1,Week06_Lesson04,29,,
242,椅子,yi3 zi5,chair,HSK 1,Week06_Lesson04,29,,
243,书包,shu1 bao1,schoolbag,HSK 1,Week06_Lesson04,29,,
244,上面,shang4 mian4,above / over / on top of,HSK 1,Week06_Lesson04,29,,
245,下面,xia4 mian4,below / following / underneath,HSK 1,Week06_Lesson04,29,,
246,后面,hou4 mian4,behind / latter / at the back,HSK 1,Week06_Lesson04,29,,
247,八达岭,Ba1 da2 ling3,part of Chinese Great Wall,HSK 1,Week06_Lesson05,30,,
248,美,mei3,beautiful,HSK 1,Week06_Lesson05,30,,
249,长城,chang2 cheng2,the Great Wall ,HSK 1,Week06_Lesson05,30,,
250,西北,xi bei3,northwest,HSK 1,Week06_Lesson05,30,,
251,几个,ji3 ge4,several / how many,HSK 1,Week06_Lesson05,30,,
252,学车,xue2 che1,to learn to drive,HSK 1,Week06_Lesson05,30,,
253,坐车,zuo4 che1,to take a car,HSK 1,Week06_Lesson05,30,,
254,您,nin2,you (polite),HSK 2,Week01_Lesson01,31,pronoun,
255,姓,xing4,surname,HSK 2,Week01_Lesson01,31,noun,
256,丈夫,zhang4 fu5,husband,HSK 2,Week01_Lesson01,31,noun,
257,妻子,qi1 zi5,wife,HSK 2,Week01_Lesson01,31,noun,
258,孩子,hai2 zi5,child,HSK 2,Week01_Lesson01,31,noun,
259,忙,mang2,busy,HSK 2,Week01_Lesson02,32,adjective,
260,每,mei3,every / each,HSK 2,Week01_Lesson02,32,pronoun,
261,过,guo5,part. to indicate something in past,HSK 2,Week01_Lesson02,32,particle,
262,真,zhen1,really,HSK 2,Week01_Lesson02,32,adverb,
263,早上,zao3 shang5,morning,HSK 2,Week01_Lesson02,32,noun,
264,起床,qi3 chuang2,to get up,HSK 2,Week01_Lesson02,32,verb,
265,早饭,zao3 fan4,breakfast,HSK 2,Week01_Lesson02,32,noun,
266,到,dao4,to arrive,HSK 2,Week01_Lesson02,32,verb,
267,课,ke4,lesson / class,HSK 2,Week01_Lesson02,32,noun,
268,累,lei4,tired,HSK 2,Week01_Lesson02,32,adjective,
269,上班,shang4 ban1,to go to work,HSK 2,Week01_Lesson03,33,verb,
270,公共汽车,gong1 gong4 qi4 che1,bus,HSK 2,Week01_Lesson03,33,noun,
271,走,zou3,to walk,HSK 2,Week01_Lesson03,33,verb,
272,着,zhe5,part. to express the way of doing smt,HSK 2,Week01_Lesson03,33,particle,
273,公司,gong1 si1,company,HSK 2,Week01_Lesson03,33,noun,
274,旁边,pang2 bian1,nearby,HSK 2,Week01_Lesson03,33,adjective,
275,就,jiu4,emphasize the time is short / early,HSK 2,Week01_Lesson03,33,adverb,
276,下班,xia4 ban1,to leave work,HSK 2,Week01_Lesson03,33,verb,
277,晚上,wan3 shang5,evening,HSK 2,Week01_Lesson03,33,noun,
278,晚,wan3,late,HSK 2,Week01_Lesson03,33,adjective,
279,回家,hui2 jia1,to go home / to get home,HSK 2,Week01_Lesson03,33,verb,
280,运动,yun4 dong4,"sports, to exercise",HSK 2,Week01_Lesson04,34,v/n,
281,游泳,you2 yong3,to swim,HSK 2,Week01_Lesson04,34,verb,
282,打篮球,da3 lan2 qiu2,to play basketball,HSK 2,Week01_Lesson04,34,verb,
283,踢足球,ti1 zu2 qiu2,to play soccer,HSK 2,Week01_Lesson04,34,verb,
284,跑步,pao3 bu4,to run,HSK 2,Week01_Lesson04,34,verb,
285,次,ci4,measure word for frequency,HSK 2,Week01_Lesson04,34,mw,
286,小时,xiao3 shi2,hour,HSK 2,Week01_Lesson04,34,noun,
287,星期日,xing1 qi1 ri4,Sunday,HSK 2,Week02_Lesson01,35,noun,
288,一起,yi4 qi3,together,HSK 2,Week02_Lesson01,35,adverb,
289,我可以...吗？,ke3 yi3,May I …?,HSK 2,Week02_Lesson01,35,auxiliary,
290,晴,qing2,sunny,HSK 2,Week02_Lesson01,35,adjective,
291,阴,yin1,cloudy,HSK 2,Week02_Lesson01,35,adjective,
292,可能,ke3 neng2,probably,HSK 2,Week02_Lesson01,35,auxiliary,
293,雪,xue3,snow,HSK 2,Week02_Lesson01,35,noun,
294,下雪,xia4 xue3,to snow,HSK 2,Week02_Lesson01,35,verb,
295,唱歌,chang4 ge1,to sing,HSK 2,Week02_Lesson02,36,verb,
296,再,zai4,again / once more,HSK 2,Week02_Lesson02,36,adverb,
297,报纸,bao4 zhi3,newspaper,HSK 2,Week02_Lesson02,36,noun,
298,车站,che1 zhan4,station / stop,HSK 2,Week02_Lesson02,36,noun,
299,周末,zhou1 mo4,weekend,HSK 2,Week02_Lesson02,36,noun,
300,咖啡,ka1 fei1,coffee,HSK 2,Week02_Lesson02,36,noun,
301,两,liang3,two,HSK 2,Week02_Lesson02,36,number,
302,饭馆儿,fan4 guanr3,restaurant,HSK 2,Week02_Lesson03,37,noun,
303,已经,yi3 jing1,already,HSK 2,Week02_Lesson03,37,adverb,
304,面条儿,mian4 tiaor2,noodle,HSK 2,Week02_Lesson03,37,noun,
305,鸡蛋,ji1 dan4,egg,HSK 2,Week02_Lesson03,37,noun,
306,饺子,jiao3 zi5,dumpling,HSK 2,Week02_Lesson03,37,noun,
307,服务员,fu2 wu4 yuan2,waiter / waitress,HSK 2,Week02_Lesson03,37,noun,
308,问,wen4,to ask,HSK 2,Week02_Lesson04,38,verb,
309,百,bai3,hundred,HSK 2,Week02_Lesson04,38,number,
310,千,qian1,thousand,HSK 2,Week02_Lesson04,38,number,
311,贵,gui4,expensive,HSK 2,Week02_Lesson04,38,adjective,
312,卖,mai4,to sell,HSK 2,Week02_Lesson04,38,verb,
313,西瓜,xi1 gua1,watermelon,HSK 2,Week02_Lesson04,38,noun,
314,便宜,pian2 yi5,cheap,HSK 2,Week02_Lesson04,38,adjective,
315,考试,kao3 shi4,exam / to examine,HSK 2,Week03_Lesson01,39,v/n,
316,准备,zhun3 bei4,to prepare,HSK 2,Week03_Lesson01,39,verb,
317,还,hai2,still / yet,HSK 2,Week03_Lesson01,39,adverb,
318,懂,dong3,to understand,HSK 2,Week03_Lesson01,39,verb,
319,问题,wen4 ti2,question / problem,HSK 2,Week03_Lesson01,39,noun,
320,第一,di4 yi1,number one / first,HSK 2,Week03_Lesson01,39,number,
321,告诉,gao4 su5,to tell,HSK 2,Week03_Lesson01,39,verb,
322,大家,da4 jia1,everyone / all,HSK 2,Week03_Lesson01,39,pronoun,
323,时间,shi2 jian1,time,HSK 2,Week03_Lesson02,40,noun,
324,事情,shi4 qing5,matter / thing / affair,HSK 2,Week03_Lesson02,40,noun,
325,一下,yi2 xia4,"after verb, indicating short time",HSK 2,Week03_Lesson02,40,particle,
326,帮 / 帮助,bang1 / bang1 zhu4,to help / to help out,HSK 2,Week03_Lesson02,40,verb,
327,笑,xiao4,to laugh / to smile,HSK 2,Week03_Lesson02,40,verb,
328,门,men2,door,HSK 2,Week03_Lesson02,40,noun,
329,房间,fang2 jian1,room,HSK 2,Week03_Lesson02,40,noun,
330,零,ling2,zero,HSK 2,Week03_Lesson02,40,number,
331,离,li2,to be away from,HSK 2,Week03_Lesson03,41,verb,
332,远,yuan3,far,HSK 2,Week03_Lesson03,41,adjective,
333,近,jin4,close,HSK 2,Week03_Lesson03,41,adjective,
334,火车站,huo3 che1 zhan4,train station,HSK 2,Week03_Lesson03,41,noun,
335,往,wang3,to / towards,HSK 2,Week03_Lesson03,41,preposition,
336,高,gao1,tall,HSK 2,Week03_Lesson03,41,adjective,
337,宾馆,bin1 guan3,hotel,HSK 2,Week03_Lesson03,41,noun,
338,右边,you4 bian5,right hand side (direction),HSK 2,Week03_Lesson03,41,noun,
339,路,lu4,road,HSK 2,Week03_Lesson03,41,noun,
340,左边,zuo3 bian5,left hand side (direction),HSK 2,Week03_Lesson03,41,noun,
341,觉得,jue2 de5,to think / to feel,HSK 2,Week03_Lesson04,42,verb,
342,牛奶,niu2 nai3,milk,HSK 2,Week03_Lesson04,42,noun,
343,说话,shuo1 hua4,to talk / to speak,HSK 2,Week03_Lesson04,42,verb,
344,休息,xiu1 xi5,to rest,HSK 2,Week03_Lesson04,42,verb,
345,病人,bing4 ren2,patient (noun),HSK 2,Week03_Lesson04,42,noun,
346,希望,xi1 wang4,to hope / to wish,HSK 2,Week03_Lesson04,42,verb,
347,眼睛,yan3 jing1,eye,HSK 2,Week04_Lesson01,43,noun,
348,红,hong2,red,HSK 2,Week04_Lesson01,43,adjective,
349,别,bie2,don’t,HSK 2,Week04_Lesson01,43,adverb,
350,出去,chu1 qu5,to go out,HSK 2,Week04_Lesson01,43,verb,
351,正在,zheng4 zai4,in the process of / someone doing smth,HSK 2,Week04_Lesson01,43,adverb,
352,作业,zuo4 ye4,homework,HSK 2,Week04_Lesson01,43,noun,
353,完,wan2,to finish,HSK 2,Week04_Lesson01,43,verb,
354,穿,chuan1,to wear / to put on,HSK 2,Week04_Lesson01,43,verb,
355,女,nv3,female,HSK 2,Week04_Lesson02,44,adjective,
356,男,nan2,male,HSK 2,Week04_Lesson02,44,adjective,
357,找,zhao3,to look for,HSK 2,Week04_Lesson02,44,verb,
358,那儿,nar4,over there,HSK 2,Week04_Lesson02,44,adverb,
359,铅笔,qian1 bi3,pencil,HSK 2,Week04_Lesson02,44,noun,
360,知道,zhi1 dao4,to know,HSK 2,Week04_Lesson02,44,verb,
361,跳舞,tiao4 wu3,to dance,HSK 2,Week04_Lesson02,44,verb,
362,教,jiao1,to teach,HSK 2,Week04_Lesson02,44,verb,
363,开始,kai1 shi3,to start,HSK 2,Week04_Lesson02,44,verb,
364,教室,jiao4 shi4,classroom,HSK 2,Week04_Lesson03,45,verb,
365,题,ti2,question / exercise,HSK 2,Week04_Lesson03,45,noun,
366,A 比 B,bi3,A is (adj) than B,HSK 2,Week04_Lesson03,45,preposition,
367,等,deng3,to wait,HSK 2,Week04_Lesson03,45,verb,
368,不错,bu2 cuo4,nice / not bad / correct,HSK 2,Week04_Lesson03,45,adjective,
369,玩儿,wan2 er5,to play,HSK 2,Week04_Lesson03,45,verb,
370,几天,ji3 tian1,several days,HSK 2,Week04_Lesson03,45,number,
371,天,tian1,day,HSK 2,Week04_Lesson03,45,noun,
372,个个,ge4 ge4,all,HSK 2,Week04_Lesson03,45,mw,
373,票,piao4,ticket,HSK 2,Week04_Lesson04,46,noun,
374,张,zhang1,MW: piece of paper/photo/table,HSK 2,Week04_Lesson04,46,mw,
375,长,chang2,long,HSK 2,Week04_Lesson04,46,adjective,
376,旅游,lv3 you2,to travel,HSK 2,Week04_Lesson04,46,verb,
377,听说,ting1 shuo1,to hear of / to hear about,HSK 2,Week04_Lesson04,46,verb,
378,介绍,jie4 shao4,to introduce,HSK 2,Week04_Lesson04,46,verb,
379,去年,qu4 nian2,last year,HSK 2,Week04_Lesson04,46,noun,
380,新,xin1,new,HSK 2,Week05_Lesson01,47,adjective,
381,颜色,yan2 se4,color,HSK 2,Week05_Lesson01,47,noun,
382,黑,hei1,black,HSK 2,Week05_Lesson01,47,adjective,
383,手表,shou3 biao3,watch,HSK 2,Week05_Lesson01,47,noun,
384,送,song4,to give (as a present),HSK 2,Week05_Lesson01,47,verb,
385,生病,sheng1 bing4,to fall ill / to be sick,HSK 2,Week05_Lesson02,48,verb,
386,头疼,tou2 teng2,to have a headache,HSK 2,Week05_Lesson02,48,verb,
387,上课,shang4 ke4,to go to class,HSK 2,Week05_Lesson02,48,verb,
388,早,zao3,early,HSK 2,Week05_Lesson02,48,adjective,
389,让,rang4,to ask,HSK 2,Week05_Lesson02,48,verb,
390,药,yao4,medicine,HSK 2,Week05_Lesson02,48,verb,
391,忘,wang4,to forget,HSK 2,Week05_Lesson02,48,verb,
392,进,jin4,to enter,HSK 2,Week05_Lesson03,49,verb,
393,茶馆,cha2 guanr3,tea house,HSK 2,Week05_Lesson03,49,noun,
394,洗,xi3,to wash / to clean,HSK 2,Week05_Lesson03,49,verb,
395,身体,shen1 ti3,body,HSK 2,Week05_Lesson03,49,noun,
396,肉,rou4,meat,HSK 2,Week05_Lesson03,49,noun,
397,羊肉,yang2 rou4,mutton,HSK 2,Week05_Lesson03,49,noun,
398,鸡肉,ji1 rou4,chicken,HSK 2,Week05_Lesson03,49,noun,
399,鱼,yu2,fish,HSK 2,Week05_Lesson03,49,noun,
400,从,cong2,from (prep.),HSK 2,Week05_Lesson03,49,preposition,
401,为什么,wei4 shen2 me5,why?,HSK 2,Week05_Lesson04,50,other,
402,得,de5,(part.) Complement of Degree,HSK 2,Week05_Lesson04,50,particle,
403,汉字,han4 zi4,Chinese character,HSK 2,Week05_Lesson04,50,noun,
404,错,cuo4,wrong,HSK 2,Week05_Lesson04,50,adjective,
405,意思,yi4 si5,meaning,HSK 2,Week05_Lesson04,50,noun,
406,快,kuai4,fast,HSK 2,Week05_Lesson04,50,adjective,
407,慢,man4,slow,HSK 2,Week05_Lesson04,50,adjective,
408,日,ri4,date (day),HSK 2,Week06_Lesson01,51,noun,
409,毛,mao2,hair,HSK 2,Week06_Lesson01,51,noun,
410,白,bai2,white,HSK 2,Week06_Lesson01,51,adjective,
411,非常,fei1 chang2,very,HSK 2,Week06_Lesson01,51,adverb,
412,它,ta1,it,HSK 2,Week06_Lesson01,51,pronoun,
413,旅行,lv3 xing2,to travel,HSK 2,Week06_Lesson02,52,verb,
414,地方,di4 fang5,place,HSK 2,Week06_Lesson02,52,noun,
415,因为...所以...,yin1 wei4...suo3 yi3…,"Because of …, so …",HSK 2,Week06_Lesson02,52,other,
416,虽然...但是...,sui1 ran2...dan4 shi4…,"Although …, ….",HSK 2,Week06_Lesson02,52,other,
417,开心,kai1 xin1,happy / joyful,HSK 2,Week06_Lesson02,52,adjective,
418,打球,da3 qiu2,to play tennis/basketball/badminton,HSK 2,Week06_Lesson02,52,verb,
419,散步,san4 bu4,to go for a walk,HSK 2,Week06_Lesson02,52,verb,
420,生活,sheng1 huo2,to live / life,HSK 2,Week06_Lesson03,53,v/n,
421,回国,hui2 guo2,to go back (to ones country),HSK 2,Week06_Lesson03,53,verb,
422,机场,ji1 chang3,airport,HSK 2,Week06_Lesson03,53,noun,
423,进步,jin4 bu4,to make progress / progress,HSK 2,Week06_Lesson03,53,v/n,
424,交朋友,jiao1 peng2 you5,to make friends,HSK 2,Week06_Lesson03,53,verb,
425,西部,xi1 bu4,the west region,HSK 2,Week06_Lesson03,53,noun,
426,一边,yi4 bian1,at the same time / simultaneously,HSK 3,Week01_Lesson01,54,adverb,
427,音乐,yin1 yue4,music,HSK 3,Week01_Lesson01,54,noun,
428,认真,ren4 zhen1,conscientious / serious,HSK 3,Week01_Lesson01,54,adjective,
429,啊,a1,(part.) at end of sentence for admiration,HSK 3,Week01_Lesson01,54,particle,
430,当然,dang1 ran2,of course / doubtless,HSK 3,Week01_Lesson01,54,adverb,
431,记得,ji4 de5,to remember,HSK 3,Week01_Lesson01,54,verb,
432,以前,yi3 qian2,in the past / before,HSK 3,Week01_Lesson01,54,noun,
433,爱好,ai4 hao4,hobby,HSK 3,Week01_Lesson01,54,noun,
434,游戏,you2 xi4,game,HSK 3,Week01_Lesson01,54,noun,
435,跟,gen1,with,HSK 3,Week01_Lesson01,54,preposition,
436,一样,yi2 yang4,same,HSK 3,Week01_Lesson01,54,adjective,
437,照片,zhao4 pian4,photo,HSK 3,Week01_Lesson02,55,noun,
438,附近,fu4 jin4,nearby,HSK 3,Week01_Lesson02,55,noun,
439,公园,gong1 yuan2,park,HSK 3,Week01_Lesson02,55,noun,
440,水平,shui3 ping2,standard,HSK 3,Week01_Lesson02,55,noun,
441,经常,jing1 chang2,often,HSK 3,Week01_Lesson02,55,adverb,
442,总是,zong3 shi4,always,HSK 3,Week01_Lesson02,55,adverb,
443,带,dai4,to bring,HSK 3,Week01_Lesson02,55,verb,
444,照相机,zhao4 xiang4 ji1,camera,HSK 3,Week01_Lesson02,55,noun,
445,打算,da3 suan4,to plan / plan,HSK 3,Week01_Lesson03,56,v/n,
446,爷爷,ye2 ye5,grandfather,HSK 3,Week01_Lesson03,56,noun,
447,爬山,pa2 shan1,to climb mountains,HSK 3,Week01_Lesson03,56,verb,
448,必须,bi4 xu1,have to,HSK 3,Week01_Lesson03,56,adverb,
449,参加,can1 jia1,to participate,HSK 3,Week01_Lesson03,56,verb,
450,会议,hui4 yi4,meeting,HSK 3,Week01_Lesson03,56,noun,
451,刮风,gua1 feng1,to blow (wind),HSK 3,Week01_Lesson03,56,verb,
452,小心,xiao3 xin1,to be careful / careful,HSK 3,Week01_Lesson03,56,verb,
453,如果,ru2 guo3,if / in case,HSK 3,Week01_Lesson03,56,other,
454,一般,yi4 ban1,usually / generally,HSK 3,Week01_Lesson04,57,adverb,
455,环境,huan2 jing4,environment,HSK 3,Week01_Lesson04,57,noun,
456,又... 又...,you4... you4… ,both... and... ,HSK 3,Week01_Lesson04,57,other,
457,越... 越...,yue4... yue4... ,the more... the more... ,HSK 3,Week01_Lesson04,57,other,
458,有名,you3 ming2,famous,HSK 3,Week01_Lesson04,57,adjective,
459,一定,yi2 ding4,must / definite,HSK 3,Week01_Lesson04,57,adverb,
460,认为,ren4 wei2,to think,HSK 3,Week01_Lesson04,57,verb,
461,季节,ji4 jie2,season,HSK 3,Week01_Lesson04,57,noun,
462,重要,zhong4 yao4,important,HSK 3,Week01_Lesson04,57,adjective,
463,冬天,dong1 tian1,winter,HSK 3,Week01_Lesson04,57,noun,
464,北方,bei3 fang1,northern part of country,HSK 3,Week01_Lesson04,57,noun,
465,最近,zui4 jin4,in recent times,HSK 3,Week01_Lesson05,58,noun,
466,瘦,shou4,thin,HSK 3,Week01_Lesson05,58,adjective,
467,锻炼,duan4 lian4,to exercise (physical),HSK 3,Week01_Lesson05,58,verb,
468,段,duan4,"MW: part, segment",HSK 3,Week01_Lesson05,58,mw,
469,几乎,ji1 hu1,almost,HSK 3,Week01_Lesson05,58,adverb,
470,练习,lian4 xi2,to practice / exercises,HSK 3,Week01_Lesson05,58,v/n,
471,感兴趣,gan3 xing4 qu4,to be interested in something,HSK 3,Week01_Lesson05,58,phrase,
472,特别,te4 bie2,especially,HSK 3,Week01_Lesson05,58,adverb,
473,比赛,bi3 sai4,competition,HSK 3,Week01_Lesson05,58,noun,
474,"除了... ,还... ","chu2 le5..., hai2… ",besides,HSK 3,Week01_Lesson05,58,other,
475,体育,ti3 yu4,sports,HSK 3,Week01_Lesson05,58,noun,
476,灯,deng1,light / lamp,HSK 3,Week02_Lesson01,59,noun,
477,像,xiang4,to look like / to be similar with,HSK 3,Week02_Lesson01,59,verb,
478,月亮,yue4 liang5,moon,HSK 3,Week02_Lesson01,59,noun,
479,万,wan4,ten thousand,HSK 3,Week02_Lesson01,59,number,
480,元 / 角 / 分,yuan2 / jiao3 / fen1,mw: money,HSK 3,Week02_Lesson01,59,mw,
481,放,fang4,to place,HSK 3,Week02_Lesson01,59,verb,
482,结婚,jie2 hun1,to get married,HSK 3,Week02_Lesson01,59,verb,
483,为,wei4,for,HSK 3,Week02_Lesson01,59,preposition,
484,礼物,li3 wu4,present / gift,HSK 3,Week02_Lesson01,59,noun,
485,又,you4,again,HSK 3,Week02_Lesson01,59,adverb,
486,关系,guan1 xi4,relationship,HSK 3,Week02_Lesson01,59,noun,
487,过,guo4,to spend (celebrate a festival / bday),HSK 3,Week02_Lesson01,59,verb,
488,节日,jie2 ri4,festival,HSK 3,Week02_Lesson02,60,noun,
489,春节,chun1 jie2,Spring festival,HSK 3,Week02_Lesson02,60,noun,
490,选择,xuan3 ze2,to choose,HSK 3,Week02_Lesson02,60,verb,
491,难,nan2,difficult / hard,HSK 3,Week02_Lesson02,60,adjective,
492,了解,liao2 jie3,to understand,HSK 3,Week02_Lesson02,60,verb,
493,容易,rong2 yi4,easy,HSK 3,Week02_Lesson02,60,adjective,
494,根据,gen1 ju4,on the basis of / basis,HSK 3,Week02_Lesson02,60,preposition,
495,声音,sheng1 yin1,sound,HSK 3,Week02_Lesson03,61,noun,
496,应该,ying1 gai1,should / ought to,HSK 3,Week02_Lesson03,61,adverb,
497,感冒,gan3 mao4,to catch a cold,HSK 3,Week02_Lesson03,61,verb,
498,耳朵,er3 duo5,ears,HSK 3,Week02_Lesson03,61,noun,
499,疼,teng2,painful,HSK 3,Week02_Lesson03,61,adjective,
500,发烧,fa1 shao1,to get a fever,HSK 3,Week02_Lesson03,61,verb,
501,一会儿,yi2 huir4,a little while / in a moment,HSK 3,Week02_Lesson03,61,number,
502,检查,jian3 cha2,to check,HSK 3,Week02_Lesson03,61,verb,
503,担心,dan1 xin1,to worry,HSK 3,Week02_Lesson03,61,verb,
504,秋季,qiu1 ji4,autumn,HSK 3,Week02_Lesson03,61,noun,
505,变化,bian4 hua4,to change / change,HSK 3,Week02_Lesson03,61,v/n,
506,注意,zhu4 yi4,to pay attention / to notice,HSK 3,Week02_Lesson03,61,verb,
507,健康,jian4 kang1,healthy,HSK 3,Week02_Lesson03,61,adjective,
508,腿,tui3,leg,HSK 3,Week02_Lesson04,62,adjective,
509,发,fa1,to send,HSK 3,Week02_Lesson04,62,verb,
510,电子邮件,dian4 zi3 you2 jian4,E-mail,HSK 3,Week02_Lesson04,62,noun,
511,向,xiang4,to / towards,HSK 3,Week02_Lesson04,62,preposition,
512,经理,jing1 li3,manager,HSK 3,Week02_Lesson04,62,noun,
513,请假,qing3 jia4,to be absent / to take days off,HSK 3,Week02_Lesson04,62,verb,
514,帮忙,bang1 mang2,to help,HSK 3,Week02_Lesson04,62,verb,
515,超市,chao1 shi4,supermarket,HSK 3,Week02_Lesson04,62,noun,
516,瓶,ping2,mw: bottle,HSK 3,Week02_Lesson04,62,mw,
517,饮料,yin3 liao4,soft drink,HSK 3,Week02_Lesson04,62,noun,
518,哭,ku1,to cry,HSK 3,Week02_Lesson05,63,verb,
519,遇到,yu4 dao4,to encounter,HSK 3,Week02_Lesson05,63,verb,
520,短,duan3,short,HSK 3,Week02_Lesson05,63,adjective,
521,完成,wan2 cheng2,to complete,HSK 3,Week02_Lesson05,63,verb,
522,难过,nan2 guo4,sad,HSK 3,Week02_Lesson05,63,adjective,
523,努力,nu3 li4,hard-working,HSK 3,Week02_Lesson05,63,adjective,
524,提高,ti2 gao1,to improve,HSK 3,Week02_Lesson05,63,verb,
525,成绩,cheng2 ji4,score,HSK 3,Week02_Lesson05,63,noun,
526,试,shi4,to try,HSK 3,Week02_Lesson05,63,verb,
527,只有...才...,zhi3 you3 ... cai2 ... ,only if ... will ... ,HSK 3,Week02_Lesson05,63,other,
528,节目,jie2 mu4,program / show,HSK 3,Week03_Lesson01,64,noun,
529,新闻,xin1 wen2,news,HSK 3,Week03_Lesson01,64,noun,
530,愿意,yuan4 yi4,to be willing to,HSK 3,Week03_Lesson01,64,verb,
531,其实,qi2 shi2,actually / in fact,HSK 3,Week03_Lesson01,64,adverb,
532,世界杯,shi4 jie4 bei1,world cup,HSK 3,Week03_Lesson01,64,noun,
533,结束,jie2 shu4,to end,HSK 3,Week03_Lesson01,64,verb,
534,或者,huo4 zhe3,or,HSK 3,Week03_Lesson01,64,conjunction,
535,先,xian1,first,HSK 3,Week03_Lesson01,64,first,
536,然后,ran2 hou4,then,HSK 3,Week03_Lesson01,64,conjunction,
537,同事,tong2 shi4,colleague,HSK 3,Week03_Lesson02,65,noun,
538,见面,jian4 mian4,to meet,HSK 3,Week03_Lesson02,65,verb,
539,图书馆,tu2 shu1 guan3,library,HSK 3,Week03_Lesson02,65,noun,
540,复习,fu4 xi2,to review,HSK 3,Week03_Lesson02,65,verb,
541,迟到,chi2 dao4,to be late,HSK 3,Week03_Lesson02,65,verb,
542,骑,qi2,to ride,HSK 3,Week03_Lesson02,65,verb,
543,种,zhong3,mw: certain type of thing,HSK 3,Week03_Lesson02,65,mw,
544,自行车,zi4 xing2 che1,bicycle,HSK 3,Week03_Lesson02,65,noun,
545,更,geng4,more,HSK 3,Week03_Lesson02,65,adverb,
546,行李箱,xing2 li5 xiang1,baggage,HSK 3,Week03_Lesson03,66,noun,
547,决定,jue2 ding4,to decide / decision,HSK 3,Week03_Lesson03,66,v/n,
548,四川,Si4 chuan1,Sichuan province,HSK 3,Week03_Lesson03,66,noun,
549,熊猫,xiong2 mao1,panda,HSK 3,Week03_Lesson03,66,noun,
550,动物,dong4 wu4,animal,HSK 3,Week03_Lesson03,66,noun,
551,太阳,tai4 yang5,sun,HSK 3,Week03_Lesson03,66,noun,
552,突然,tu1 ran2,sudden / suddenly,HSK 3,Week03_Lesson03,66,adverb,
553,伞,san3,umbrella,HSK 3,Week03_Lesson03,66,noun,
554,南方,nan2 fang1,south,HSK 3,Week03_Lesson03,66,noun,
555,简单,jian3 dan1,simple,HSK 3,Week03_Lesson03,66,adjective,
556,只,zhi3,only,HSK 3,Week03_Lesson03,66,adverb,
557,包,bao1,bag,HSK 3,Week03_Lesson03,66,noun,
558,校长,xiao4 zhang3,principal,HSK 3,Week03_Lesson04,67,noun,
559,办公室,ban4 gong1 shi4,office,HSK 3,Week03_Lesson04,67,noun,
560,地图,di4 tu2,map,HSK 3,Week03_Lesson04,67,noun,
561,发现,fa1 xian4,to find / realize / discover,HSK 3,Week03_Lesson04,67,verb,
562,地铁,di4 tie3,subway,HSK 3,Week03_Lesson04,67,noun,
563,方便,fang1 bian4,convenient,HSK 3,Week03_Lesson04,67,adjective,
564,站,zhan4,to stand,HSK 3,Week03_Lesson04,67,verb,
565,东北边,dong1 bei3 bian5,north east,HSK 3,Week03_Lesson04,67,noun,
566,中间,zhong1 jian1,in the middle of,HSK 3,Week03_Lesson04,67,noun,
567,银行,yin2 hang2,bank,HSK 3,Week03_Lesson05,68,noun,
568,关,guan1,to close / to turn off,HSK 3,Week03_Lesson05,68,verb,
569,米,mi3,MW: meter,HSK 3,Week03_Lesson05,68,mw,
570,街道,jie1 dao4,street,HSK 3,Week03_Lesson05,68,noun,
571,西边,xi1 bian5,west,HSK 3,Week03_Lesson05,68,noun,
572,换,huan4,to change,HSK 3,Week03_Lesson05,68,verb,
573,国家,guo2 jia1,country,HSK 3,Week03_Lesson05,68,noun,
574,一直,yi4 zhi2,(go) straight // all the time / always,HSK 3,Week03_Lesson05,68,adverb,
575,双,shuang1,MW: pair,HSK 3,Week04_Lesson01,69,mw,
576,皮鞋,pi2 xie2,leather shoes,HSK 3,Week04_Lesson01,69,noun,
577,脚,jiao3,foot,HSK 3,Week04_Lesson01,69,noun,
578,年轻,nian2 qing1,young,HSK 3,Week04_Lesson01,69,adjective,
579,衬衫,chen4 shan1,shirt,HSK 3,Week04_Lesson01,69,noun,
580,裤子,ku4 zi5,pants,HSK 3,Week04_Lesson01,69,noun,
581,帽子,mao4 zi5,hat,HSK 3,Week04_Lesson01,69,noun,
582,才,cai2,only,HSK 3,Week04_Lesson01,69,adverb,
583,解决,jie3 jue2,to solve,HSK 3,Week04_Lesson01,69,verb,
584,拿,na2,to hold / to take,HSK 3,Week04_Lesson01,69,verb,
585,年级,nian2 ji2,grade,HSK 3,Week04_Lesson02,70,noun,
586,数学,shu4 xue2,maths,HSK 3,Week04_Lesson02,70,noun,
587,黑板,hei1 ban3,blackboard,HSK 3,Week04_Lesson02,70,noun,
588,明白,ming2 bai5,to understand / clear,HSK 3,Week04_Lesson02,70,verb/adj,
589,班,ban1,class / shift / duty,HSK 3,Week04_Lesson02,70,noun,
590,害怕,hai4 pa4,to be afraid of,HSK 3,Week04_Lesson02,70,adjective,
591,差,cha4,to differ from / to fall short of / poor,HSK 3,Week04_Lesson02,70,verb/adj,
592,为了,wei4 le5,in order to / for the sake of,HSK 3,Week04_Lesson02,70,preposition,
593,地,de5,part. to form adverbial adjunct,HSK 3,Week04_Lesson02,70,auxiliary,
594,回答,hui2 da2,to answer,HSK 3,Week04_Lesson03,71,verb,
595,关于,guan1 yu2,about / with respect to,HSK 3,Week04_Lesson03,71,preposition,
596,黄河,Huang2 he2,Yellow River,HSK 3,Week04_Lesson03,71,noun,
597,历史,li4 shi3,history,HSK 3,Week04_Lesson03,71,noun,
598,聪明,cong1 ming2,smart,HSK 3,Week04_Lesson03,71,adjective,
599,文化,wen2 hua4,culture,HSK 3,Week04_Lesson03,71,noun,
600,讲,jiang3,to tell,HSK 3,Week04_Lesson03,71,verb,
601,故事,gu4 shi5,story,HSK 3,Week04_Lesson03,71,noun,
602,夏,xia4,summer,HSK 3,Week04_Lesson03,71,noun,
603,花,hua1,flower,HSK 3,Week04_Lesson04,72,noun,
604,鸟,niao3,bird,HSK 3,Week04_Lesson04,72,noun,
605,马,ma3,horse,HSK 3,Week04_Lesson04,72,noun,
606,画,hua4,to paint / painting,HSK 3,Week04_Lesson04,72,v/n,
607,叔叔,shu1 shu5,uncle,HSK 3,Week04_Lesson04,72,noun,
608,位,wei4,MW: people,HSK 3,Week04_Lesson04,72,mw,
609,影响,ying3 xiang3,to influence / impact,HSK 3,Week04_Lesson04,72,v/n,
610,热情,re4 qing2,enthusiastic,HSK 3,Week04_Lesson04,72,adjective,
611,船,chuan2,ship / boat,HSK 3,Week04_Lesson05,73,noun,
612,习惯,xi2 guan4,to be used to / habit,HSK 3,Week04_Lesson05,73,v/n,
613,蓝,lan2,blue,HSK 3,Week04_Lesson05,73,adjective,
614,树,shu4,tree,HSK 3,Week04_Lesson05,73,noun,
615,草,cao3,grass,HSK 3,Week04_Lesson05,73,noun,
616,经过,jing1 guo4,to pass / to go through,HSK 3,Week04_Lesson05,73,verb,
617,城市,cheng2 shi4,city,HSK 3,Week04_Lesson05,73,noun,
618,甜,tian2,sweet,HSK 3,Week04_Lesson05,73,adjective,
619,胖,pang4,fat,HSK 3,Week04_Lesson05,73,adjective,
620,公斤,gong1 jin1,MW: kilogram,HSK 3,Week04_Lesson05,73,mw,
621,后来,hou4 lai2,afterwards / later,HSK 3,Week04_Lesson05,73,noun,
622,离开,li2 kai1,to leave / to depart,HSK 3,Week04_Lesson05,73,verb,
623,越来越 (adj),yue4 lai2 yue4 (adj),more and more (adj),HSK 3,Week04_Lesson05,73,adverb,
624,奶奶,nai3 nai5,grandmother,HSK 3,Week05_Lesson01,74,noun,
625,多么,duo1 me5,such,HSK 3,Week05_Lesson01,74,adverb,
626,长 (verb),zhang3,to grow,HSK 3,Week05_Lesson01,74,verb,
627,别人,bie2 ren2,other people,HSK 3,Week05_Lesson01,74,pronoun,
628,极,ji2,extremely,HSK 3,Week05_Lesson01,74,adverb,
629,脸,lian3,face,HSK 3,Week05_Lesson01,74,noun,
630,鼻子,bi2 zi5,nose,HSK 3,Week05_Lesson01,74,noun,
631,嘴,zui3,mouth,HSK 3,Week05_Lesson01,74,noun,
632,可爱,ke3 ai4,cute,HSK 3,Week05_Lesson01,74,adjective,
633,同意,tong2 yi4,to agree,HSK 3,Week05_Lesson01,74,verb,
634,老,lao3,old,HSK 3,Week05_Lesson01,74,adjective,
635,还是,hai2 shi4,still,HSK 3,Week05_Lesson01,74,adverb,
636,刚才,gang1 cai2,just now,HSK 3,Week05_Lesson02,75,unknown,
637,个子,ge4 zi5,height (people),HSK 3,Week05_Lesson02,75,noun,
638,矮,ai3,short,HSK 3,Week05_Lesson02,75,adjective,
639,头发,tou2 fa5,hair,HSK 3,Week05_Lesson02,75,noun,
640,条,tiao2,MW: a piece of (clothing),HSK 3,Week05_Lesson02,75,mw,
641,绿,lv4,green,HSK 3,Week05_Lesson02,75,adjective,
642,裙子,qun2 zi5,skirt,HSK 3,Week05_Lesson02,75,noun,
643,忘记,wang4 ji4,to forget,HSK 3,Week05_Lesson02,75,verb,
644,留学,liu2 xue2,to go abroad,HSK 3,Week05_Lesson02,75,verb,
645,留学生,liu2 xue2 sheng1,international student,HSK 3,Week05_Lesson02,75,noun,
646,想起,xiang3 qi3,to remember,HSK 3,Week05_Lesson02,75,verb,
647,比较,bi3 jiao4,fairly / quite,HSK 3,Week05_Lesson03,76,adverb,
648,关心,guan1 xin1,to care,HSK 3,Week05_Lesson03,76,verb,
649,空调,kong1 tiao2,air conditioning,HSK 3,Week05_Lesson03,76,noun,
650,冰箱,bing1 xiang1,refrigerator,HSK 3,Week05_Lesson03,76,noun,
651,其他,qi2 ta1,other,HSK 3,Week05_Lesson03,76,pronoun,
652,要求,yao1 qiu2,to request / request,HSK 3,Week05_Lesson03,76,v/n,
653,需要,xu1 yao4,to need,HSK 3,Week05_Lesson03,76,verb,
654,客人,ke4 ren2,customer,HSK 3,Week05_Lesson03,76,noun,
655,邻居,lin2 ju1,neighbour,HSK 3,Week05_Lesson03,76,noun,
656,久,jiu3,long (period of time),HSK 3,Week05_Lesson04,77,adjective,
657,搬,ban1,to move out,HSK 3,Week05_Lesson04,77,verb,
658,旧,jiu4,old,HSK 3,Week05_Lesson04,77,adjective,
659,主要,zhu3 yao4,major / main,HSK 3,Week05_Lesson04,77,adjective,
660,洗手间,xi3 shou3 jian1,toilet / lavatory,HSK 3,Week05_Lesson04,77,noun,
661,口,kou3,mouth,HSK 3,Week05_Lesson04,77,noun,
662,刷牙,shua1 ya2,to brush teeth,HSK 3,Week05_Lesson04,77,verb,
663,洗澡,xi3 zao3,to take a shower,HSK 3,Week05_Lesson04,77,verb,
664,满意,man3 yi4,to satisfy,HSK 3,Week05_Lesson04,77,verb,
665,除了,chu2 le5,except for,HSK 3,Week05_Lesson04,77,preposition,
666,电梯,dian4 ti1,elevator,HSK 3,Week05_Lesson04,77,noun,
667,欢迎,huan1 ying2,to welcome,HSK 3,Week05_Lesson04,77,verb,
668,层,ceng2,mw: level (of stairs),HSK 3,Week05_Lesson04,77,mw,
669,渴,ke3,thirsty,HSK 3,Week05_Lesson05,78,adjective,
670,楼,lou2,floor,HSK 3,Week05_Lesson05,78,noun,
671,聊天儿,liao2 tianr1,to chat,HSK 3,Week05_Lesson05,78,verb,
672,安静,an1 jing4,quiet,HSK 3,Week05_Lesson05,78,adjective,
673,舒服,shu1 fu5,comfortable,HSK 3,Week05_Lesson05,78,adjective,
674,面包,mian4 bao1,bread,HSK 3,Week05_Lesson05,78,noun,
675,蛋糕,dan4 gao1,cake,HSK 3,Week05_Lesson05,78,noun,
676,新鲜,xin1 xian1,fresh,HSK 3,Week05_Lesson05,78,adjective,
677,相信,xiang4 xin4,to trust,HSK 3,Week05_Lesson05,78,verb,
678,尝,chang2,to taste / to try the flavour of,HSK 3,Week05_Lesson05,78,verb,
679,终于,zhong1 yu2,finally,HSK 3,Week06_Lesson01,79,adverb,
680,把,ba3,part. to convey meaning of disposal,HSK 3,Week06_Lesson01,79,preposition,
681,打扫,da3 sao3,to clean,HSK 3,Week06_Lesson01,79,verb,
682,干净,gan1 jing4,clean,HSK 3,Week06_Lesson01,79,adjective,
683,最后,zui4 hou4,last,HSK 3,Week06_Lesson01,79,noun,
684,香蕉,xiang1 jiao1,banana,HSK 3,Week06_Lesson01,79,noun,
685,半,ban4,half,HSK 3,Week06_Lesson01,79,adjective,
686,饱,bao3,full,HSK 3,Week06_Lesson01,79,adjective,
687,盘子,pan2 zi5,plate,HSK 3,Week06_Lesson01,79,noun,
688,叫外卖,jiao4 wai4 mai4,to order take-out food,HSK 3,Week06_Lesson02,80,verb,
689,"不但..., 而且...","bu2 dan4..., er2 qie3...",not only ... but also ... ,HSK 3,Week06_Lesson02,80,conjunction,
690,饿,e4,hungry,HSK 3,Week06_Lesson02,80,adjective,
691,碗,wan3,bowl,HSK 3,Week06_Lesson02,80,noun,
692,啤酒,pi2 jiu3,beer,HSK 3,Week06_Lesson02,80,noun,
693,筷子,kuai4 zi5,chopstick,HSK 3,Week06_Lesson02,80,noun,
694,奇怪,qi2 guai4,weird,HSK 3,Week06_Lesson02,81,adjective,
695,清楚,qing1 chu5,clear / straightforward / to understand,HSK 3,Week06_Lesson02,81,adj/verb,
696,词典,ci2 dian3,dictionary,HSK 3,Week06_Lesson02,81,noun,
697,借,jie4,to borrow,HSK 3,Week06_Lesson02,81,verb,
698,马上,ma3 shang4,immediately / at once,HSK 3,Week06_Lesson02,81,adverb,
699,还,huan2,to return / to give back,HSK 3,Week06_Lesson02,81,verb,
